episode,steps,reward,loss,epsilon,outcome,win_rate_50
1,105,-4.571,0.1061,0.999,out_of_bounds,0.0
2,34,-4.308,0.32355,0.997,out_of_bounds,0.0
3,93,-4.884,0.34297,0.996,out_of_bounds,0.0
4,57,-5.171,0.35913,0.995,out_of_bounds,0.0
5,36,-4.798,0.39131,0.993,out_of_bounds,0.0
6,20,-4.93,0.48238,0.992,out_of_bounds,0.0
7,45,-4.965,0.4609,0.991,out_of_bounds,0.0
8,138,-5.654,0.56209,0.989,out_of_bounds,0.0
9,104,-4.049,0.45747,0.988,out_of_bounds,0.0
10,45,-5.057,0.56753,0.986,out_of_bounds,0.0
11,44,-4.568,0.53998,0.985,out_of_bounds,0.0
12,48,-4.351,0.62995,0.984,out_of_bounds,0.0
13,53,-4.933,0.61959,0.982,out_of_bounds,0.0
14,116,-4.847,0.48265,0.981,out_of_bounds,0.0
15,21,-9.952,0.46372,0.98,loss,0.0
16,38,-4.449,0.50923,0.978,out_of_bounds,0.0
17,102,-4.346,0.55299,0.977,out_of_bounds,0.0
18,59,-4.561,0.58371,0.976,out_of_bounds,0.0
19,106,-3.155,0.55187,0.974,out_of_bounds,0.0
20,49,-4.877,0.48208,0.973,out_of_bounds,0.0
21,54,-4.954,0.55676,0.972,out_of_bounds,0.0
22,22,-5.136,0.36963,0.97,out_of_bounds,0.0
23,24,-4.945,0.65028,0.969,out_of_bounds,0.0
24,60,-4.929,0.71618,0.967,out_of_bounds,0.0
25,18,10.161,0.59386,0.966,win,0.04
26,59,-4.811,0.47893,0.965,out_of_bounds,0.038
27,138,-3.387,0.59545,0.963,out_of_bounds,0.037
28,77,-3.841,0.64344,0.962,out_of_bounds,0.036
29,55,-4.971,0.52327,0.961,out_of_bounds,0.034
30,47,-4.375,0.72805,0.959,out_of_bounds,0.033
31,43,-4.715,0.54443,0.958,out_of_bounds,0.032
32,123,-4.276,0.60268,0.957,out_of_bounds,0.031
33,64,-4.794,0.50678,0.955,out_of_bounds,0.03
34,47,-5.605,0.70455,0.954,out_of_bounds,0.029
35,100,-3.755,0.63878,0.953,out_of_bounds,0.029
36,125,-3.073,0.57536,0.951,out_of_bounds,0.028
37,121,-3.514,0.59776,0.95,out_of_bounds,0.027
38,17,-9.889,0.41554,0.948,loss,0.026
39,59,-5.113,0.82001,0.947,out_of_bounds,0.026
40,27,-4.84,0.46257,0.946,out_of_bounds,0.025
41,16,-9.924,0.71319,0.944,loss,0.024
42,23,-5.045,0.67971,0.943,out_of_bounds,0.024
43,19,-4.811,0.37066,0.942,out_of_bounds,0.023
44,124,-2.776,0.56583,0.94,out_of_bounds,0.023
45,24,-4.88,0.66171,0.939,out_of_bounds,0.022
46,121,-3.313,0.73388,0.938,out_of_bounds,0.022
47,40,-5.325,0.46738,0.936,out_of_bounds,0.021
48,32,-4.823,0.60672,0.935,out_of_bounds,0.021
49,65,-4.438,0.56789,0.933,out_of_bounds,0.02
50,28,-4.715,0.62632,0.932,out_of_bounds,0.02
51,83,-4.39,0.5667,0.931,out_of_bounds,0.02
52,48,-4.856,0.49407,0.929,out_of_bounds,0.02
53,46,-4.983,0.58623,0.928,out_of_bounds,0.02
54,339,0.342,0.56709,0.927,out_of_bounds,0.02
55,205,-1.031,0.61586,0.925,out_of_bounds,0.02
56,118,-3.599,0.58951,0.924,out_of_bounds,0.02
57,146,-5.009,0.56959,0.923,out_of_bounds,0.02
58,93,-5.104,0.68144,0.921,out_of_bounds,0.02
59,82,-5.1,0.53189,0.92,out_of_bounds,0.02
60,22,-5.126,0.64608,0.919,out_of_bounds,0.02
61,155,-3.151,0.47177,0.917,out_of_bounds,0.02
62,190,-5.608,0.57988,0.916,out_of_bounds,0.02
63,48,-4.946,0.62069,0.914,out_of_bounds,0.02
64,53,-5.337,0.69896,0.913,out_of_bounds,0.02
65,74,-3.932,0.60757,0.912,out_of_bounds,0.02
66,73,-3.996,0.52219,0.91,out_of_bounds,0.02
67,25,-9.85,0.84572,0.909,loss,0.02
68,42,-5.242,0.53189,0.908,out_of_bounds,0.02
69,24,-5.201,0.65797,0.906,out_of_bounds,0.02
70,28,-5.139,0.58856,0.905,out_of_bounds,0.02
71,172,-3.643,0.5565,0.904,out_of_bounds,0.02
72,60,-4.232,0.47674,0.902,out_of_bounds,0.02
73,73,-4.885,0.64271,0.901,out_of_bounds,0.02
74,189,-2.904,0.56622,0.9,out_of_bounds,0.02
75,60,-4.847,0.35833,0.898,out_of_bounds,0.0
76,60,-4.736,0.65825,0.897,out_of_bounds,0.0
77,73,-4.525,0.58627,0.895,out_of_bounds,0.0
78,30,-5.096,0.41395,0.894,out_of_bounds,0.0
79,80,-5.027,0.54234,0.893,out_of_bounds,0.0
80,110,-4.375,0.60973,0.891,out_of_bounds,0.0
81,82,-5.968,0.55868,0.89,out_of_bounds,0.0
82,141,-4.823,0.51857,0.889,out_of_bounds,0.0
83,75,-5.637,0.59808,0.887,out_of_bounds,0.0
84,25,-4.956,0.58072,0.886,out_of_bounds,0.0
85,214,0.835,0.42887,0.885,out_of_bounds,0.0
86,70,-4.68,0.54915,0.883,out_of_bounds,0.0
87,108,-3.561,0.47113,0.882,out_of_bounds,0.0
88,80,-5.659,0.42798,0.881,out_of_bounds,0.0
89,82,-4.077,0.45847,0.879,out_of_bounds,0.0
90,49,-5.646,0.33192,0.878,out_of_bounds,0.0
91,84,-4.018,0.49752,0.877,out_of_bounds,0.0
92,87,-4.122,0.43591,0.875,out_of_bounds,0.0
93,149,-4.599,0.55624,0.874,out_of_bounds,0.0
94,152,-3.055,0.51664,0.872,out_of_bounds,0.0
95,45,-4.675,0.38894,0.871,out_of_bounds,0.0
96,101,-4.248,0.45877,0.87,out_of_bounds,0.0
97,119,-4.648,0.48866,0.868,out_of_bounds,0.0
98,67,-4.607,0.45925,0.867,out_of_bounds,0.0
99,91,-4.894,0.56199,0.866,out_of_bounds,0.0
100,50,-4.697,0.54212,0.864,out_of_bounds,0.0
101,49,-4.902,0.41995,0.863,out_of_bounds,0.0
102,55,-4.44,0.43604,0.862,out_of_bounds,0.0
103,85,-4.745,0.4513,0.86,out_of_bounds,0.0
104,54,-5.312,0.49378,0.859,out_of_bounds,0.0
105,20,-4.877,0.37077,0.858,out_of_bounds,0.0
106,63,-5.063,0.58313,0.856,out_of_bounds,0.0
107,62,-4.648,0.51471,0.855,out_of_bounds,0.0
108,131,-3.528,0.47288,0.853,out_of_bounds,0.0
109,49,-4.811,0.51854,0.852,out_of_bounds,0.0
110,16,-9.855,0.45772,0.851,loss,0.0
111,89,-3.584,0.51348,0.849,out_of_bounds,0.0
112,83,-4.738,0.60658,0.848,out_of_bounds,0.0
113,86,-4.642,0.44365,0.847,out_of_bounds,0.0
114,67,-4.647,0.48964,0.845,out_of_bounds,0.0
115,49,-5.021,0.36573,0.844,out_of_bounds,0.0
116,111,-3.78,0.52105,0.843,out_of_bounds,0.0
117,61,-4.671,0.50402,0.841,out_of_bounds,0.0
118,29,-4.646,0.59727,0.84,out_of_bounds,0.0
119,30,-4.943,0.39907,0.839,out_of_bounds,0.0
120,46,-4.648,0.41887,0.837,out_of_bounds,0.0
121,81,-5.72,0.53795,0.836,out_of_bounds,0.0
122,45,-4.967,0.57636,0.834,out_of_bounds,0.0
123,110,-3.29,0.56158,0.833,out_of_bounds,0.0
124,61,-5.256,0.54063,0.832,out_of_bounds,0.0
125,150,-4.148,0.52485,0.83,out_of_bounds,0.0
126,85,-4.504,0.48378,0.829,out_of_bounds,0.0
127,104,-4.283,0.46024,0.828,out_of_bounds,0.0
128,111,-3.588,0.47713,0.826,out_of_bounds,0.0
129,147,-3.824,0.46963,0.825,out_of_bounds,0.0
130,53,-4.706,0.55804,0.824,out_of_bounds,0.0
131,69,-4.905,0.49254,0.822,out_of_bounds,0.0
132,115,-3.852,0.49208,0.821,out_of_bounds,0.0
133,169,-5.027,0.50899,0.82,out_of_bounds,0.0
134,92,-4.8,0.42746,0.818,out_of_bounds,0.0
135,61,-4.546,0.341,0.817,out_of_bounds,0.0
136,21,10.2,0.6189,0.815,win,0.02
137,96,-3.622,0.38947,0.814,out_of_bounds,0.02
138,244,0.154,0.41119,0.813,out_of_bounds,0.02
139,55,-5.808,0.5226,0.811,out_of_bounds,0.02
140,59,-4.614,0.52165,0.81,out_of_bounds,0.02
141,77,-4.341,0.50214,0.809,out_of_bounds,0.02
142,107,-4.453,0.47458,0.807,out_of_bounds,0.02
143,67,-4.249,0.37486,0.806,out_of_bounds,0.02
144,100,-4.416,0.52554,0.805,out_of_bounds,0.02
145,267,-1.27,0.45557,0.803,out_of_bounds,0.02
146,45,-5.043,0.54898,0.802,out_of_bounds,0.02
147,47,-4.953,0.44288,0.8,out_of_bounds,0.02
148,49,-5.652,0.68698,0.799,out_of_bounds,0.02
149,107,-3.185,0.45883,0.798,out_of_bounds,0.02
150,131,-4.381,0.3985,0.796,out_of_bounds,0.02
151,111,-4.3,0.51731,0.795,out_of_bounds,0.02
152,36,-4.747,0.44903,0.794,out_of_bounds,0.02
153,48,-9.852,0.55925,0.792,loss,0.02
154,40,-5.224,0.41187,0.791,out_of_bounds,0.02
155,22,-5.204,0.35246,0.79,out_of_bounds,0.02
156,69,-4.416,0.37074,0.788,out_of_bounds,0.02
157,49,-5.256,0.37932,0.787,out_of_bounds,0.02
158,65,-5.375,0.48478,0.786,out_of_bounds,0.02
159,34,-4.973,0.5837,0.784,out_of_bounds,0.02
160,22,-5.059,0.54656,0.783,out_of_bounds,0.02
161,60,-5.188,0.46875,0.781,out_of_bounds,0.02
162,16,-9.939,0.17067,0.78,loss,0.02
163,151,-3.305,0.43897,0.779,out_of_bounds,0.02
164,58,-4.407,0.38519,0.777,out_of_bounds,0.02
165,48,-5.309,0.64622,0.776,out_of_bounds,0.02
166,64,-4.3,0.52478,0.775,out_of_bounds,0.02
167,69,-4.789,0.40163,0.773,out_of_bounds,0.02
168,45,-5.466,0.42927,0.772,out_of_bounds,0.02
169,61,-4.59,0.45572,0.771,out_of_bounds,0.02
170,104,-4.681,0.4808,0.769,out_of_bounds,0.02
171,68,-4.917,0.51555,0.768,out_of_bounds,0.02
172,47,-5.096,0.43092,0.767,out_of_bounds,0.02
173,139,-3.672,0.46826,0.765,out_of_bounds,0.02
174,29,-5.226,0.55035,0.764,out_of_bounds,0.02
175,127,-3.614,0.36063,0.762,out_of_bounds,0.02
176,18,-5.116,0.43659,0.761,out_of_bounds,0.02
177,46,-5.391,0.52262,0.76,out_of_bounds,0.02
178,146,-4.338,0.4178,0.758,out_of_bounds,0.02
179,126,-3.898,0.4413,0.757,out_of_bounds,0.02
180,86,-4.339,0.4474,0.756,out_of_bounds,0.02
181,96,-5.299,0.39255,0.754,out_of_bounds,0.02
182,41,-4.736,0.44482,0.753,out_of_bounds,0.02
183,66,-4.548,0.37973,0.752,out_of_bounds,0.02
184,79,-5.058,0.38162,0.75,out_of_bounds,0.02
185,62,-4.231,0.46364,0.749,out_of_bounds,0.02
186,23,-4.904,0.43227,0.748,out_of_bounds,0.0
187,28,-5.141,0.48607,0.746,out_of_bounds,0.0
188,69,-4.211,0.4728,0.745,out_of_bounds,0.0
189,49,-4.53,0.5288,0.744,out_of_bounds,0.0
190,54,-4.507,0.46625,0.742,out_of_bounds,0.0
191,105,-4.666,0.48973,0.741,out_of_bounds,0.0
192,74,-5.379,0.46966,0.739,out_of_bounds,0.0
193,129,-4.2,0.37896,0.738,out_of_bounds,0.0
194,44,-5.334,0.37515,0.737,out_of_bounds,0.0
195,55,-4.727,0.30559,0.735,out_of_bounds,0.0
196,30,-4.847,0.47953,0.734,out_of_bounds,0.0
197,167,-2.789,0.39151,0.733,out_of_bounds,0.0
198,45,-4.806,0.30952,0.731,out_of_bounds,0.0
199,200,-3.865,0.37496,0.73,out_of_bounds,0.0
200,101,-4.228,0.40743,0.729,out_of_bounds,0.0
201,93,-3.772,0.38162,0.727,out_of_bounds,0.0
202,40,-5.128,0.47454,0.726,out_of_bounds,0.0
203,49,-5.151,0.45253,0.725,out_of_bounds,0.0
204,91,-4.256,0.35296,0.723,out_of_bounds,0.0
205,128,-3.026,0.4258,0.722,out_of_bounds,0.0
206,130,-4.183,0.3496,0.72,out_of_bounds,0.0
207,45,-5.272,0.45256,0.719,out_of_bounds,0.0
208,55,-6.023,0.31405,0.718,out_of_bounds,0.0
209,209,-0.774,0.36845,0.716,out_of_bounds,0.0
210,264,-0.076,0.42126,0.715,out_of_bounds,0.0
211,153,-3.746,0.37006,0.714,out_of_bounds,0.0
212,51,-6.2,0.46994,0.712,out_of_bounds,0.0
213,102,-4.066,0.37278,0.711,out_of_bounds,0.0
214,101,-4.941,0.35194,0.71,out_of_bounds,0.0
215,160,-2.756,0.38727,0.708,out_of_bounds,0.0
216,175,-5.107,0.35741,0.707,out_of_bounds,0.0
217,122,-3.393,0.39638,0.706,out_of_bounds,0.0
218,48,-5.026,0.40941,0.704,out_of_bounds,0.0
219,77,-4.685,0.2785,0.703,out_of_bounds,0.0
220,113,-4.167,0.34888,0.701,out_of_bounds,0.0
221,140,-2.812,0.39702,0.7,out_of_bounds,0.0
222,134,-5.872,0.29233,0.699,out_of_bounds,0.0
223,107,-3.917,0.31664,0.697,out_of_bounds,0.0
224,58,-5.035,0.29657,0.696,out_of_bounds,0.0
225,47,-4.955,0.30545,0.695,out_of_bounds,0.0
226,159,-1.775,0.35055,0.693,out_of_bounds,0.0
227,92,-3.909,0.35802,0.692,out_of_bounds,0.0
228,109,-3.314,0.36191,0.691,out_of_bounds,0.0
229,197,-1.182,0.35511,0.689,out_of_bounds,0.0
230,33,-5.083,0.36929,0.688,out_of_bounds,0.0
231,227,-0.431,0.33458,0.686,out_of_bounds,0.0
232,23,-5.089,0.32546,0.685,out_of_bounds,0.0
233,44,-5.299,0.23387,0.684,out_of_bounds,0.0
234,46,-5.389,0.3957,0.682,out_of_bounds,0.0
235,16,-9.887,0.35759,0.681,loss,0.0
236,41,-4.925,0.18826,0.68,out_of_bounds,0.0
237,53,-5.157,0.27238,0.678,out_of_bounds,0.0
238,59,-5.026,0.28861,0.677,out_of_bounds,0.0
239,72,-4.665,0.42669,0.676,out_of_bounds,0.0
240,56,-5.269,0.31682,0.674,out_of_bounds,0.0
241,89,-4.667,0.28313,0.673,out_of_bounds,0.0
242,122,-3.842,0.33955,0.672,out_of_bounds,0.0
243,45,-5.401,0.2767,0.67,out_of_bounds,0.0
244,95,-7.542,0.31872,0.669,out_of_bounds,0.0
245,43,-5.342,0.233,0.667,out_of_bounds,0.0
246,76,-4.997,0.30686,0.666,out_of_bounds,0.0
247,85,-5.05,0.30455,0.665,out_of_bounds,0.0
248,86,-3.616,0.2968,0.663,out_of_bounds,0.0
249,223,-2.038,0.2852,0.662,out_of_bounds,0.0
250,60,-5.455,0.34939,0.661,out_of_bounds,0.0
251,81,-4.979,0.27216,0.659,out_of_bounds,0.0
252,137,-4.204,0.26061,0.658,out_of_bounds,0.0
253,73,-4.963,0.36575,0.657,out_of_bounds,0.0
254,198,-0.63,0.27236,0.655,out_of_bounds,0.0
255,131,-2.499,0.23525,0.654,out_of_bounds,0.0
256,53,-5.554,0.3487,0.653,out_of_bounds,0.0
257,69,-4.262,0.30953,0.651,out_of_bounds,0.0
258,338,1.624,0.27358,0.65,out_of_bounds,0.0
259,17,-5.143,0.18378,0.649,out_of_bounds,0.0
260,23,-5.033,0.18394,0.647,out_of_bounds,0.0
261,53,-5.073,0.22551,0.646,out_of_bounds,0.0
262,28,-10.091,0.30432,0.644,loss,0.0
263,49,-5.547,0.27892,0.643,out_of_bounds,0.0
264,126,-3.709,0.26791,0.642,out_of_bounds,0.0
265,171,-1.861,0.34172,0.64,out_of_bounds,0.0
266,154,-2.886,0.27514,0.639,out_of_bounds,0.0
267,73,-5.601,0.21329,0.638,out_of_bounds,0.0
268,108,-4.486,0.24925,0.636,out_of_bounds,0.0
269,101,-5.216,0.30162,0.635,out_of_bounds,0.0
270,210,-2.47,0.29613,0.634,out_of_bounds,0.0
271,151,-3.212,0.22491,0.632,out_of_bounds,0.0
272,61,-3.929,0.2619,0.631,out_of_bounds,0.0
273,303,0.684,0.22223,0.629,out_of_bounds,0.0
274,219,-2.3,0.28315,0.628,out_of_bounds,0.0
275,206,-0.818,0.23268,0.627,out_of_bounds,0.0
276,41,-5.378,0.20182,0.625,out_of_bounds,0.0
277,190,-3.818,0.19719,0.624,out_of_bounds,0.0
278,73,-4.809,0.23181,0.623,out_of_bounds,0.0
279,386,0.508,0.23658,0.621,out_of_bounds,0.0
280,204,-2.886,0.22346,0.62,out_of_bounds,0.0
281,181,-3.602,0.18094,0.619,out_of_bounds,0.0
282,400,2.093,0.16826,0.617,timeout,0.0
283,400,3.631,0.18496,0.616,timeout,0.0
284,108,-5.888,0.24847,0.615,out_of_bounds,0.0
285,400,0.38,0.18439,0.613,timeout,0.0
286,400,3.491,0.18816,0.612,timeout,0.0
287,400,2.83,0.17271,0.611,timeout,0.0
288,75,-5.86,0.22606,0.609,out_of_bounds,0.0
289,400,3.956,0.1725,0.608,timeout,0.0
290,111,-2.295,0.16198,0.606,out_of_bounds,0.0
291,143,-3.748,0.17331,0.605,out_of_bounds,0.0
292,117,-6.883,0.16349,0.604,out_of_bounds,0.0
293,282,-1.607,0.16106,0.602,out_of_bounds,0.0
294,400,4.01,0.14525,0.601,timeout,0.0
295,292,0.505,0.17293,0.6,out_of_bounds,0.0
296,400,3.645,0.15994,0.598,timeout,0.0
297,400,2.769,0.14835,0.597,timeout,0.0
298,400,3.225,0.1607,0.596,timeout,0.0
299,364,0.912,0.15302,0.594,out_of_bounds,0.0
300,88,-4.021,0.0902,0.593,out_of_bounds,0.0
301,126,-4.837,0.15652,0.592,out_of_bounds,0.0
302,400,4.256,0.13598,0.59,timeout,0.0
303,371,3.127,0.11668,0.589,out_of_bounds,0.0
304,127,-4.265,0.21536,0.587,out_of_bounds,0.0
305,400,1.907,0.13152,0.586,timeout,0.0
306,242,-0.582,0.12156,0.585,out_of_bounds,0.0
307,400,3.499,0.13754,0.583,timeout,0.0
308,400,1.064,0.14931,0.582,timeout,0.0
309,400,1.716,0.12957,0.581,timeout,0.0
310,400,2.672,0.15896,0.579,timeout,0.0
311,400,2.972,0.15645,0.578,timeout,0.0
312,400,3.48,0.11332,0.577,timeout,0.0
313,204,-1.49,0.13081,0.575,out_of_bounds,0.0
314,400,2.274,0.13345,0.574,timeout,0.0
315,400,4.503,0.13712,0.573,timeout,0.0
316,400,1.666,0.10951,0.571,timeout,0.0
317,400,4.686,0.09874,0.57,timeout,0.0
318,400,3.667,0.15056,0.568,timeout,0.0
319,400,3.691,0.08496,0.567,timeout,0.0
320,355,1.892,0.0931,0.566,out_of_bounds,0.0
321,400,2.983,0.10689,0.564,timeout,0.0
322,230,-0.091,0.10752,0.563,out_of_bounds,0.0
323,352,3.032,0.10364,0.562,out_of_bounds,0.0
324,27,10.175,0.05548,0.56,win,0.02
325,400,3.943,0.10781,0.559,timeout,0.02
326,400,3.858,0.10181,0.558,timeout,0.02
327,400,2.47,0.11812,0.556,timeout,0.02
328,400,3.387,0.12123,0.555,timeout,0.02
329,400,2.85,0.11955,0.554,timeout,0.02
330,400,3.447,0.10438,0.552,timeout,0.02
331,400,1.673,0.11277,0.551,timeout,0.02
332,400,2.495,0.10243,0.549,timeout,0.02
333,400,2.344,0.09545,0.548,timeout,0.02
334,400,6.804,0.10246,0.547,timeout,0.02
335,400,1.967,0.07861,0.545,timeout,0.02
336,400,-0.753,0.09765,0.544,timeout,0.02
337,400,2.065,0.11149,0.543,timeout,0.02
338,241,-3.856,0.09303,0.541,out_of_bounds,0.02
339,400,3.072,0.11315,0.54,timeout,0.02
340,100,-4.706,0.13176,0.539,out_of_bounds,0.02
341,400,3.553,0.07559,0.537,timeout,0.02
342,400,1.655,0.07856,0.536,timeout,0.02
343,400,0.779,0.06574,0.534,timeout,0.02
344,285,-0.87,0.11019,0.533,out_of_bounds,0.02
345,184,-1.608,0.08051,0.532,out_of_bounds,0.02
346,320,0.956,0.07045,0.53,out_of_bounds,0.02
347,400,0.739,0.10256,0.529,timeout,0.02
348,400,-2.633,0.07804,0.528,timeout,0.02
349,297,0.28,0.08849,0.526,out_of_bounds,0.02
350,400,2.9,0.0783,0.525,timeout,0.02
351,400,0.581,0.0909,0.524,timeout,0.02
352,400,2.182,0.09786,0.522,timeout,0.02
353,400,2.322,0.09899,0.521,timeout,0.02
354,400,-1.143,0.09179,0.52,timeout,0.02
355,35,10.366,0.0552,0.518,win,0.04
356,307,-1.362,0.10913,0.517,out_of_bounds,0.04
357,293,-1.361,0.10383,0.516,out_of_bounds,0.04
358,400,1.5,0.08741,0.514,timeout,0.04
359,297,0.455,0.08268,0.513,out_of_bounds,0.04
360,400,2.218,0.09323,0.511,timeout,0.04
361,400,2.719,0.10745,0.51,timeout,0.04
362,400,1.994,0.09309,0.509,timeout,0.04
363,400,2.041,0.0757,0.507,timeout,0.04
364,400,3.912,0.07513,0.506,timeout,0.04
365,400,2.391,0.06337,0.505,timeout,0.04
366,400,4.931,0.07998,0.503,timeout,0.04
367,400,3.093,0.07111,0.502,timeout,0.04
368,400,2.912,0.08886,0.501,timeout,0.04
369,400,2.495,0.05021,0.499,timeout,0.04
370,400,0.479,0.07472,0.498,timeout,0.04
371,400,0.972,0.07237,0.497,timeout,0.04
372,400,3.284,0.07732,0.495,timeout,0.04
373,400,1.025,0.04938,0.494,timeout,0.04
374,372,3.834,0.06826,0.492,out_of_bounds,0.02
375,400,3.357,0.08518,0.491,timeout,0.02
376,400,3.03,0.08006,0.49,timeout,0.02
377,400,2.058,0.08402,0.488,timeout,0.02
378,400,1.8,0.07198,0.487,timeout,0.02
379,209,-3.03,0.08213,0.486,out_of_bounds,0.02
380,400,0.907,0.0718,0.484,timeout,0.02
381,400,1.653,0.09331,0.483,timeout,0.02
382,400,4.763,0.08287,0.482,timeout,0.02
383,400,4.432,0.07786,0.48,timeout,0.02
384,400,1.171,0.0728,0.479,timeout,0.02
385,400,4.16,0.07335,0.478,timeout,0.02
386,400,2.055,0.0824,0.476,timeout,0.02
387,400,3.172,0.09008,0.475,timeout,0.02
388,117,-3.223,0.05315,0.473,out_of_bounds,0.02
389,161,-3.665,0.07095,0.472,out_of_bounds,0.02
390,400,1.566,0.07011,0.471,timeout,0.02
391,302,-1.109,0.07911,0.469,out_of_bounds,0.02
392,400,1.093,0.05254,0.468,timeout,0.02
393,366,-1.288,0.05737,0.467,out_of_bounds,0.02
394,400,1.283,0.06986,0.465,timeout,0.02
395,400,0.641,0.06304,0.464,timeout,0.02
396,119,-4.399,0.04768,0.463,out_of_bounds,0.02
397,400,0.17,0.05473,0.461,timeout,0.02
398,399,2.356,0.06651,0.46,out_of_bounds,0.02
399,400,2.641,0.06402,0.459,timeout,0.02
400,400,4.517,0.06278,0.457,timeout,0.02
401,400,5.608,0.05108,0.456,timeout,0.02
402,21,10.131,0.05257,0.454,win,0.04
403,400,-0.007,0.07002,0.453,timeout,0.04
404,400,0.375,0.07668,0.452,timeout,0.04
405,400,1.193,0.07995,0.45,timeout,0.02
406,23,-9.953,0.11563,0.449,loss,0.02
407,400,-1.327,0.07212,0.448,timeout,0.02
408,400,4.396,0.06154,0.446,timeout,0.02
409,400,2.625,0.07461,0.445,timeout,0.02
410,400,3.379,0.07772,0.444,timeout,0.02
411,400,0.945,0.08541,0.442,timeout,0.02
412,400,3.614,0.06731,0.441,timeout,0.02
413,161,-2.894,0.07636,0.44,out_of_bounds,0.02
414,400,-0.387,0.07018,0.438,timeout,0.02
415,400,1.861,0.08369,0.437,timeout,0.02
416,400,0.513,0.07937,0.435,timeout,0.02
417,337,0.215,0.06926,0.434,out_of_bounds,0.02
418,400,0.846,0.07441,0.433,timeout,0.02
419,400,1.564,0.08006,0.431,timeout,0.02
420,400,-0.672,0.07257,0.43,timeout,0.02
421,400,4.101,0.07954,0.429,timeout,0.02
422,400,-1.689,0.06422,0.427,timeout,0.02
423,400,0.387,0.06665,0.426,timeout,0.02
424,400,1.322,0.07736,0.425,timeout,0.02
425,27,-9.924,0.12145,0.423,loss,0.02
426,400,4.791,0.07007,0.422,timeout,0.02
427,400,-0.286,0.08348,0.42,timeout,0.02
428,400,-0.209,0.07366,0.419,timeout,0.02
429,400,1.064,0.07313,0.418,timeout,0.02
430,400,-1.644,0.06628,0.416,timeout,0.02
431,400,-2.06,0.06923,0.415,timeout,0.02
432,400,0.294,0.07148,0.414,timeout,0.02
433,400,-0.782,0.06643,0.412,timeout,0.02
434,400,2.949,0.06696,0.411,timeout,0.02
435,400,0.229,0.05562,0.41,timeout,0.02
436,400,2.125,0.07339,0.408,timeout,0.02
437,400,0.276,0.07931,0.407,timeout,0.02
438,400,3.452,0.05966,0.406,timeout,0.02
439,400,1.097,0.07954,0.404,timeout,0.02
440,400,5.785,0.06453,0.403,timeout,0.02
441,400,3.128,0.08357,0.402,timeout,0.02
442,400,0.215,0.06892,0.4,timeout,0.02
443,400,-0.128,0.07789,0.399,timeout,0.02
444,400,1.321,0.06607,0.397,timeout,0.02
445,18,10.275,0.13281,0.396,win,0.04
446,400,0.53,0.07938,0.395,timeout,0.04
447,340,-0.187,0.06511,0.393,out_of_bounds,0.04
448,400,3.134,0.09244,0.392,timeout,0.04
449,400,5.123,0.07439,0.391,timeout,0.04
450,400,-0.321,0.07721,0.389,timeout,0.04
451,400,3.81,0.06702,0.388,timeout,0.04
452,400,3.728,0.06833,0.387,timeout,0.02
453,400,2.548,0.06732,0.385,timeout,0.02
454,400,3.644,0.06422,0.384,timeout,0.02
455,400,0.267,0.09846,0.383,timeout,0.02
456,400,0.299,0.06838,0.381,timeout,0.02
457,134,-11.664,0.09931,0.38,loss,0.02
458,400,0.598,0.06958,0.378,timeout,0.02
459,400,5.78,0.06534,0.377,timeout,0.02
460,400,3.474,0.07544,0.376,timeout,0.02
461,19,10.154,0.08968,0.374,win,0.04
462,400,3.826,0.10003,0.373,timeout,0.04
463,400,3.08,0.08065,0.372,timeout,0.04
464,400,1.402,0.06801,0.37,timeout,0.04
465,400,2.751,0.0796,0.369,timeout,0.04
466,400,4.493,0.08766,0.368,timeout,0.04
467,400,0.803,0.07268,0.366,timeout,0.04
468,400,5.059,0.06825,0.365,timeout,0.04
469,400,3.353,0.0742,0.364,timeout,0.04
470,22,-9.898,0.03655,0.362,loss,0.04
471,400,4.036,0.07943,0.361,timeout,0.04
472,400,2.863,0.08035,0.359,timeout,0.04
473,400,-0.518,0.06602,0.358,timeout,0.04
474,400,5.527,0.08434,0.357,timeout,0.04
475,400,1.567,0.08755,0.355,timeout,0.04
476,400,2.95,0.07171,0.354,timeout,0.04
477,400,1.766,0.09559,0.353,timeout,0.04
478,400,2.619,0.07222,0.351,timeout,0.04
479,400,3.697,0.09621,0.35,timeout,0.04
480,400,1.988,0.08999,0.349,timeout,0.04
481,400,4.831,0.06962,0.347,timeout,0.04
482,400,5.372,0.09237,0.346,timeout,0.04
483,20,-9.808,0.07427,0.345,loss,0.04
484,400,3.646,0.1026,0.343,timeout,0.04
485,400,3.917,0.0884,0.342,timeout,0.04
486,34,10.105,0.08482,0.34,win,0.06
487,400,2.49,0.04662,0.339,timeout,0.06
488,22,10.227,0.04278,0.338,win,0.08
489,400,1.843,0.09825,0.336,timeout,0.08
490,400,3.735,0.0986,0.335,timeout,0.08
491,400,0.891,0.07966,0.334,timeout,0.08
492,400,1.344,0.07488,0.332,timeout,0.08
493,400,0.365,0.07466,0.331,timeout,0.08
494,400,-0.716,0.08821,0.33,timeout,0.08
495,400,4.064,0.08373,0.328,timeout,0.06
496,400,5.926,0.0857,0.327,timeout,0.06
497,400,4.606,0.08309,0.326,timeout,0.06
498,400,2.351,0.0886,0.324,timeout,0.06
499,400,2.621,0.09096,0.323,timeout,0.06
500,400,3.701,0.08535,0.321,timeout,0.06
501,400,3.243,0.09052,0.32,timeout,0.06
502,400,4.539,0.1053,0.319,timeout,0.06
503,400,3.033,0.08818,0.317,timeout,0.06
504,400,4.566,0.0952,0.316,timeout,0.06
505,400,2.189,0.08198,0.315,timeout,0.06
506,400,2.497,0.06992,0.313,timeout,0.06
507,400,1.827,0.11684,0.312,timeout,0.06
508,400,2.77,0.07911,0.311,timeout,0.06
509,142,-3.479,0.10103,0.309,out_of_bounds,0.06
510,400,2.401,0.06844,0.308,timeout,0.06
511,400,6.837,0.1035,0.306,timeout,0.04
512,72,-3.949,0.05844,0.305,out_of_bounds,0.04
513,400,2.948,0.0683,0.304,timeout,0.04
514,400,1.509,0.07104,0.302,timeout,0.04
515,400,2.408,0.0873,0.301,timeout,0.04
516,400,4.115,0.10145,0.3,timeout,0.04
517,400,3.013,0.08164,0.298,timeout,0.04
518,400,3.212,0.07999,0.297,timeout,0.04
519,400,4.345,0.07908,0.296,timeout,0.04
520,400,-0.42,0.0711,0.294,timeout,0.04
521,346,0.585,0.06335,0.293,out_of_bounds,0.04
522,400,2.836,0.07965,0.292,timeout,0.04
523,400,3.574,0.09015,0.29,timeout,0.04
524,318,1.546,0.08259,0.289,out_of_bounds,0.04
525,400,5.425,0.07714,0.288,timeout,0.04
526,400,3.657,0.09841,0.286,timeout,0.04
527,16,-9.937,0.16764,0.285,loss,0.04
528,400,2.76,0.06913,0.283,timeout,0.04
529,400,3.685,0.10983,0.282,timeout,0.04
530,400,2.366,0.08722,0.281,timeout,0.04
531,400,0.076,0.09563,0.279,timeout,0.04
532,400,-0.037,0.08345,0.278,timeout,0.04
533,391,2.285,0.10232,0.277,out_of_bounds,0.04
534,400,3.005,0.10508,0.275,timeout,0.04
535,400,3.658,0.11822,0.274,timeout,0.04
536,400,4.559,0.08785,0.273,timeout,0.02
537,400,2.617,0.07171,0.271,timeout,0.02
538,15,10.248,0.17554,0.27,win,0.02
539,400,2.953,0.06811,0.269,timeout,0.02
540,400,3.857,0.08264,0.267,timeout,0.02
541,400,4.923,0.0851,0.266,timeout,0.02
542,23,-9.843,0.06523,0.264,loss,0.02
543,400,4.634,0.09035,0.263,timeout,0.02
544,400,2.558,0.08729,0.262,timeout,0.02
545,400,2.774,0.09324,0.26,timeout,0.02
546,38,-10.282,0.09256,0.259,loss,0.02
547,400,2.967,0.07929,0.258,timeout,0.02
548,400,4.15,0.05599,0.256,timeout,0.02
549,400,2.916,0.07956,0.255,timeout,0.02
550,271,1.557,0.05737,0.254,out_of_bounds,0.02
551,271,0.979,0.09025,0.252,out_of_bounds,0.02
552,400,3.375,0.07335,0.251,timeout,0.02
553,400,3.707,0.07603,0.25,timeout,0.02
554,400,2.628,0.08217,0.248,timeout,0.02
555,400,0.781,0.05967,0.247,timeout,0.02
556,400,2.572,0.0917,0.245,timeout,0.02
557,400,0.869,0.07775,0.244,timeout,0.02
558,400,3.703,0.07576,0.243,timeout,0.02
559,400,4.226,0.09351,0.241,timeout,0.02
560,400,-0.248,0.06493,0.24,timeout,0.02
561,400,3.736,0.0738,0.239,timeout,0.02
562,400,1.221,0.08586,0.237,timeout,0.02
563,400,2.636,0.08731,0.236,timeout,0.02
564,400,2.564,0.06283,0.235,timeout,0.02
565,400,4.298,0.06897,0.233,timeout,0.02
566,400,5.696,0.07849,0.232,timeout,0.02
567,400,3.057,0.07051,0.231,timeout,0.02
568,400,2.614,0.09309,0.229,timeout,0.02
569,400,1.387,0.09507,0.228,timeout,0.02
570,400,4.241,0.07303,0.226,timeout,0.02
571,400,5.028,0.06455,0.225,timeout,0.02
572,400,3.046,0.1012,0.224,timeout,0.02
573,400,5.731,0.07805,0.222,timeout,0.02
574,400,3.659,0.08374,0.221,timeout,0.02
575,400,2.793,0.07424,0.22,timeout,0.02
576,400,2.532,0.06153,0.218,timeout,0.02
577,400,4.704,0.07724,0.217,timeout,0.02
578,400,1.692,0.10324,0.216,timeout,0.02
579,400,4.343,0.07695,0.214,timeout,0.02
580,400,4.903,0.09,0.213,timeout,0.02
581,400,3.598,0.07749,0.212,timeout,0.02
582,400,5.869,0.08863,0.21,timeout,0.02
583,400,5.086,0.07898,0.209,timeout,0.02
584,400,5.231,0.11524,0.207,timeout,0.02
585,400,4.589,0.10516,0.206,timeout,0.02
586,400,5.439,0.08168,0.205,timeout,0.02
587,400,3.477,0.08049,0.203,timeout,0.02
588,400,4.9,0.08163,0.202,timeout,0.0
589,400,2.863,0.06524,0.201,timeout,0.0
590,400,3.989,0.10176,0.199,timeout,0.0
591,400,2.143,0.08344,0.198,timeout,0.0
592,400,3.924,0.08448,0.197,timeout,0.0
593,400,1.913,0.09045,0.195,timeout,0.0
594,14,10.185,0.03724,0.194,win,0.02
595,400,4.191,0.0658,0.193,timeout,0.02
596,400,3.461,0.06917,0.191,timeout,0.02
597,400,3.991,0.06828,0.19,timeout,0.02
598,400,4.909,0.08031,0.188,timeout,0.02
599,400,4.115,0.08146,0.187,timeout,0.02
600,400,5.414,0.07822,0.186,timeout,0.02
601,400,3.924,0.08301,0.184,timeout,0.02
602,400,0.576,0.08731,0.183,timeout,0.02
603,400,4.718,0.09046,0.182,timeout,0.02
604,400,2.741,0.09251,0.18,timeout,0.02
605,400,3.28,0.08271,0.179,timeout,0.02
606,400,4.586,0.08459,0.178,timeout,0.02
607,400,6.026,0.09477,0.176,timeout,0.02
608,400,3.938,0.08393,0.175,timeout,0.02
609,352,2.812,0.07429,0.173,out_of_bounds,0.02
610,400,2.18,0.07302,0.172,timeout,0.02
611,400,3.36,0.0724,0.171,timeout,0.02
612,400,7.2,0.07774,0.169,timeout,0.02
613,400,3.267,0.08785,0.168,timeout,0.02
614,20,-9.827,0.02751,0.167,loss,0.02
615,400,3.687,0.07092,0.165,timeout,0.02
616,400,3.945,0.08367,0.164,timeout,0.02
617,400,4.434,0.06165,0.163,timeout,0.02
618,400,6.139,0.07609,0.161,timeout,0.02
619,400,1.52,0.08719,0.16,timeout,0.02
620,400,9.361,0.09134,0.159,timeout,0.02
621,400,3.411,0.10471,0.157,timeout,0.02
622,26,-10.049,0.10932,0.156,loss,0.02
623,400,3.032,0.07613,0.155,timeout,0.02
624,400,5.123,0.07994,0.153,timeout,0.02
625,400,6.399,0.06251,0.152,timeout,0.02
626,400,5.085,0.06217,0.15,timeout,0.02
627,400,4.505,0.07325,0.149,timeout,0.02
628,400,6.333,0.07924,0.148,timeout,0.02
629,400,5.457,0.06956,0.146,timeout,0.02
630,400,6.227,0.08911,0.145,timeout,0.02
631,400,2.529,0.08956,0.144,timeout,0.02
632,400,2.849,0.08066,0.142,timeout,0.02
633,400,4.495,0.09027,0.141,timeout,0.02
634,400,3.281,0.07096,0.14,timeout,0.02
635,400,5.406,0.04954,0.138,timeout,0.02
636,400,2.475,0.09224,0.137,timeout,0.02
637,56,-10.703,0.05001,0.136,loss,0.02
638,400,2.526,0.08688,0.134,timeout,0.02
639,400,3.951,0.08309,0.133,timeout,0.02
640,400,5.061,0.07228,0.131,timeout,0.02
641,400,4.854,0.09218,0.13,timeout,0.02
642,400,4.918,0.07627,0.129,timeout,0.02
643,400,0.287,0.07839,0.127,timeout,0.02
644,400,3.686,0.0682,0.126,timeout,0.0
645,400,3.663,0.0591,0.125,timeout,0.0
646,400,3.587,0.09653,0.123,timeout,0.0
647,400,3.686,0.08638,0.122,timeout,0.0
648,400,5.295,0.08141,0.121,timeout,0.0
649,400,4.732,0.06493,0.119,timeout,0.0
650,400,6.915,0.06043,0.118,timeout,0.0
651,400,5.504,0.08428,0.117,timeout,0.0
652,400,4.485,0.08707,0.115,timeout,0.0
653,400,4.067,0.07319,0.114,timeout,0.0
654,400,6.116,0.07142,0.112,timeout,0.0
655,400,6.714,0.06648,0.111,timeout,0.0
656,400,3.354,0.08693,0.11,timeout,0.0
657,400,2.119,0.08227,0.108,timeout,0.0
658,400,5.879,0.07369,0.107,timeout,0.0
659,400,5.638,0.11595,0.106,timeout,0.0
660,21,10.273,0.07587,0.104,win,0.02
661,400,5.488,0.07443,0.103,timeout,0.02
662,400,3.038,0.08529,0.102,timeout,0.02
663,400,3.939,0.08047,0.1,timeout,0.02
664,400,6.172,0.07249,0.099,timeout,0.02
665,400,2.075,0.06228,0.098,timeout,0.02
666,19,9.983,0.08541,0.096,win,0.04
667,56,10.955,0.09544,0.095,win,0.06
668,400,2.665,0.09362,0.093,timeout,0.06
669,400,3.569,0.10237,0.092,timeout,0.06
670,400,7.307,0.06916,0.091,timeout,0.06
671,400,3.733,0.07332,0.089,timeout,0.06
672,400,6.357,0.10196,0.088,timeout,0.06
673,400,1.443,0.08121,0.087,timeout,0.06
674,400,4.318,0.11234,0.085,timeout,0.06
675,400,0.314,0.06079,0.084,timeout,0.06
676,400,6.809,0.08065,0.083,timeout,0.06
677,400,4.218,0.06672,0.081,timeout,0.06
678,400,2.594,0.07305,0.08,timeout,0.06
679,400,3.065,0.08091,0.079,timeout,0.06
680,400,2.618,0.09235,0.077,timeout,0.06
681,35,-10.232,0.11879,0.076,loss,0.06
682,400,4.302,0.07233,0.074,timeout,0.06
683,400,4.181,0.08444,0.073,timeout,0.06
684,59,-10.53,0.05136,0.072,loss,0.06
685,33,-9.909,0.0607,0.07,loss,0.06
686,400,6.656,0.08087,0.069,timeout,0.06
687,400,4.174,0.09839,0.068,timeout,0.06
688,400,4.806,0.09447,0.066,timeout,0.06
689,19,-9.821,0.03573,0.065,loss,0.06
690,400,3.916,0.10139,0.064,timeout,0.06
691,400,3.97,0.08124,0.062,timeout,0.06
692,44,9.623,0.04949,0.061,win,0.08
693,400,7.486,0.09308,0.059,timeout,0.08
694,400,3.553,0.07274,0.058,timeout,0.08
695,400,4.887,0.09276,0.057,timeout,0.08
696,400,3.325,0.09965,0.055,timeout,0.08
697,58,9.666,0.07801,0.054,win,0.1
698,47,-10.485,0.10906,0.053,loss,0.1
699,400,3.538,0.09158,0.051,timeout,0.1
700,400,4.336,0.08063,0.05,timeout,0.1
701,400,5.367,0.09373,0.05,timeout,0.1
702,400,3.497,0.09137,0.05,timeout,0.1
703,400,4.175,0.09477,0.05,timeout,0.1
704,400,0.402,0.0965,0.05,timeout,0.1
705,61,9.409,0.07836,0.05,win,0.12
706,400,2.064,0.10199,0.05,timeout,0.12
707,400,4.173,0.0939,0.05,timeout,0.12
708,400,4.228,0.09937,0.05,timeout,0.12
709,400,5.785,0.103,0.05,timeout,0.12
710,400,3.11,0.08669,0.05,timeout,0.1
711,400,2.998,0.09596,0.05,timeout,0.1
712,400,0.313,0.09333,0.05,timeout,0.1
713,400,0.522,0.08568,0.05,timeout,0.1
714,400,2.455,0.09492,0.05,timeout,0.1
715,19,10.094,0.00165,0.05,win,0.12
716,400,6.909,0.0984,0.05,timeout,0.1
717,400,4.695,0.09943,0.05,timeout,0.08
718,400,5.817,0.06618,0.05,timeout,0.08
719,400,5.413,0.10388,0.05,timeout,0.08
720,400,4.594,0.1144,0.05,timeout,0.08
721,400,4.76,0.09628,0.05,timeout,0.08
722,400,5.462,0.09392,0.05,timeout,0.08
723,400,4.687,0.09432,0.05,timeout,0.08
724,400,6.7,0.06911,0.05,timeout,0.08
725,400,8.639,0.07832,0.05,timeout,0.08
726,400,4.92,0.08536,0.05,timeout,0.08
727,400,4.187,0.09721,0.05,timeout,0.08
728,284,1.37,0.10502,0.05,out_of_bounds,0.08
729,400,2.727,0.1019,0.05,timeout,0.08
730,400,-0.605,0.09527,0.05,timeout,0.08
731,400,3.611,0.12072,0.05,timeout,0.08
732,400,2.15,0.10185,0.05,timeout,0.08
733,367,2.405,0.11339,0.05,out_of_bounds,0.08
734,51,-10.682,0.05789,0.05,loss,0.08
735,131,-2.989,0.10904,0.05,out_of_bounds,0.08
736,400,5.067,0.11338,0.05,timeout,0.08
737,400,4.02,0.09195,0.05,timeout,0.08
738,400,3.528,0.10112,0.05,timeout,0.08
739,400,6.676,0.11493,0.05,timeout,0.08
740,400,4.45,0.11614,0.05,timeout,0.08
741,400,6.217,0.09939,0.05,timeout,0.08
742,31,-10.101,0.15391,0.05,loss,0.06
743,16,10.177,0.10589,0.05,win,0.08
744,400,2.398,0.10363,0.05,timeout,0.08
745,400,1.421,0.1082,0.05,timeout,0.08
746,400,4.62,0.13878,0.05,timeout,0.08
747,400,6.038,0.10148,0.05,timeout,0.06
748,389,4.44,0.11443,0.05,out_of_bounds,0.06
749,400,6.305,0.08719,0.05,timeout,0.06
750,400,4.426,0.10053,0.05,timeout,0.06
751,400,5.372,0.11442,0.05,timeout,0.06
752,400,1.788,0.08225,0.05,timeout,0.06
753,400,5.308,0.09278,0.05,timeout,0.06
754,400,3.263,0.07849,0.05,timeout,0.06
755,400,7.085,0.10633,0.05,timeout,0.04
756,400,4.411,0.10964,0.05,timeout,0.04
757,400,6.681,0.08692,0.05,timeout,0.04
758,400,5.948,0.10628,0.05,timeout,0.04
759,400,4.296,0.10141,0.05,timeout,0.04
760,400,3.871,0.08619,0.05,timeout,0.04
761,400,6.503,0.08623,0.05,timeout,0.04
762,348,3.711,0.10757,0.05,out_of_bounds,0.04
763,400,5.586,0.08189,0.05,timeout,0.04
764,400,3.855,0.09106,0.05,timeout,0.04
765,400,4.892,0.09974,0.05,timeout,0.02
766,400,4.079,0.09951,0.05,timeout,0.02
767,400,4.379,0.07651,0.05,timeout,0.02
768,400,5.54,0.1041,0.05,timeout,0.02
769,18,-9.894,0.09996,0.05,loss,0.02
770,400,4.103,0.09463,0.05,timeout,0.02
771,400,6.168,0.10398,0.05,timeout,0.02
772,400,8.967,0.08218,0.05,timeout,0.02
773,400,5.141,0.11203,0.05,timeout,0.02
774,400,5.125,0.09225,0.05,timeout,0.02
775,400,6.057,0.09025,0.05,timeout,0.02
776,400,2.004,0.08907,0.05,timeout,0.02
777,400,6.066,0.09198,0.05,timeout,0.02
778,400,1.256,0.0879,0.05,timeout,0.02
779,400,1.603,0.11651,0.05,timeout,0.02
780,15,10.08,0.02465,0.05,win,0.04
781,400,6.299,0.10724,0.05,timeout,0.04
782,400,3.939,0.09398,0.05,timeout,0.04
783,400,5.362,0.10442,0.05,timeout,0.04
784,400,3.222,0.08632,0.05,timeout,0.04
785,400,5.593,0.10377,0.05,timeout,0.04
786,28,-9.932,0.27554,0.05,loss,0.04
787,400,6.318,0.08942,0.05,timeout,0.04
788,33,-10.135,0.11805,0.05,loss,0.04
789,400,4.189,0.10139,0.05,timeout,0.04
790,400,7.098,0.08759,0.05,timeout,0.04
791,400,3.328,0.09562,0.05,timeout,0.04
792,400,5.792,0.09661,0.05,timeout,0.04
793,400,3.999,0.0941,0.05,timeout,0.02
794,400,2.016,0.08981,0.05,timeout,0.02
795,400,3.595,0.11476,0.05,timeout,0.02
796,400,3.82,0.11531,0.05,timeout,0.02
797,41,9.528,0.08315,0.05,win,0.04
798,400,3.401,0.09229,0.05,timeout,0.04
799,16,10.172,0.00223,0.05,win,0.06
800,400,3.245,0.09364,0.05,timeout,0.06
801,400,6.306,0.08656,0.05,timeout,0.06
802,400,5.299,0.09674,0.05,timeout,0.06
803,400,5.435,0.10549,0.05,timeout,0.06
804,30,-10.17,0.13321,0.05,loss,0.06
805,392,3.095,0.11253,0.05,out_of_bounds,0.06
806,400,4.548,0.1026,0.05,timeout,0.06
807,400,3.723,0.08316,0.05,timeout,0.06
808,400,6.19,0.07888,0.05,timeout,0.06
809,31,10.203,0.0653,0.05,win,0.08
810,400,3.845,0.09792,0.05,timeout,0.08
811,400,4.089,0.10103,0.05,timeout,0.08
812,400,5.112,0.10345,0.05,timeout,0.08
813,400,4.603,0.11379,0.05,timeout,0.08
814,45,-10.642,0.05875,0.05,loss,0.08
815,263,-0.39,0.09169,0.05,out_of_bounds,0.08
816,368,3.653,0.09629,0.05,out_of_bounds,0.08
817,400,3.184,0.09927,0.05,timeout,0.08
818,400,4.976,0.0999,0.05,timeout,0.08
819,400,2.91,0.09904,0.05,timeout,0.08
820,400,2.655,0.09111,0.05,timeout,0.08
821,400,4.984,0.08636,0.05,timeout,0.08
822,400,2.848,0.09246,0.05,timeout,0.08
823,400,4.315,0.12324,0.05,timeout,0.08
824,400,3.433,0.09503,0.05,timeout,0.08
825,368,0.435,0.07995,0.05,out_of_bounds,0.08
826,387,3.282,0.10929,0.05,out_of_bounds,0.08
827,400,0.337,0.0817,0.05,timeout,0.08
828,400,3.116,0.11191,0.05,timeout,0.08
829,400,4.033,0.12541,0.05,timeout,0.08
830,58,-10.191,0.07358,0.05,loss,0.06
831,400,3.882,0.10386,0.05,timeout,0.06
832,393,4.703,0.09223,0.05,out_of_bounds,0.06
833,372,0.087,0.11118,0.05,out_of_bounds,0.06
834,400,4.719,0.10561,0.05,timeout,0.06
835,365,0.651,0.08405,0.05,out_of_bounds,0.06
836,400,0.18,0.10029,0.05,timeout,0.06
837,400,2.547,0.08359,0.05,timeout,0.06
838,400,2.936,0.09293,0.05,timeout,0.06
839,400,2.753,0.08349,0.05,timeout,0.06
840,400,3.07,0.08683,0.05,timeout,0.06
841,400,5.688,0.10329,0.05,timeout,0.06
842,18,10.407,0.04628,0.05,win,0.08
843,400,3.657,0.10077,0.05,timeout,0.08
844,400,5.431,0.09307,0.05,timeout,0.08
845,400,6.664,0.08033,0.05,timeout,0.08
846,32,-10.098,0.0707,0.05,loss,0.08
847,400,5.877,0.07328,0.05,timeout,0.06
848,400,2.896,0.08755,0.05,timeout,0.06
849,400,4.751,0.10969,0.05,timeout,0.04
850,211,-0.832,0.09697,0.05,out_of_bounds,0.04
851,400,4.108,0.10644,0.05,timeout,0.04
852,27,10.127,0.19258,0.05,win,0.06
853,400,5.116,0.10841,0.05,timeout,0.06
854,400,3.711,0.0845,0.05,timeout,0.06
855,400,2.294,0.08858,0.05,timeout,0.06
856,35,10.376,0.08424,0.05,win,0.08
857,400,2.541,0.08485,0.05,timeout,0.08
858,400,-0.295,0.10554,0.05,timeout,0.08
859,400,5.424,0.07733,0.05,timeout,0.06
860,400,1.647,0.10557,0.05,timeout,0.06
861,400,2.643,0.07051,0.05,timeout,0.06
862,387,2.354,0.06455,0.05,out_of_bounds,0.06
863,30,-10.091,0.02134,0.05,loss,0.06
864,26,-9.914,0.07035,0.05,loss,0.06
865,20,-10.019,0.08305,0.05,loss,0.06
866,400,5.534,0.08508,0.05,timeout,0.06
867,35,10.265,0.05622,0.05,win,0.08
868,400,5.273,0.09159,0.05,timeout,0.08
869,62,11.714,0.08754,0.05,win,0.1
870,45,-10.586,0.09997,0.05,loss,0.1
871,400,6.509,0.11067,0.05,timeout,0.1
872,400,2.036,0.08694,0.05,timeout,0.1
873,19,10.435,0.12671,0.05,win,0.12
874,400,7.004,0.0673,0.05,timeout,0.12
875,16,10.154,0.04744,0.05,win,0.14
876,400,5.297,0.08946,0.05,timeout,0.14
877,400,4.955,0.09374,0.05,timeout,0.14
878,400,2.863,0.12266,0.05,timeout,0.14
879,25,10.189,0.08171,0.05,win,0.16
880,400,5.286,0.11513,0.05,timeout,0.16
881,400,3.873,0.11963,0.05,timeout,0.16
882,400,4.821,0.11708,0.05,timeout,0.16
883,29,10.441,0.19518,0.05,win,0.18
884,400,0.535,0.09695,0.05,timeout,0.18
885,16,10.242,0.066,0.05,win,0.2
886,400,3.925,0.1008,0.05,out_of_bounds,0.2
887,400,4.995,0.09541,0.05,timeout,0.2
888,400,4.103,0.09471,0.05,timeout,0.2
889,400,5.301,0.10235,0.05,timeout,0.2
890,400,4.309,0.11226,0.05,timeout,0.2
891,400,5.549,0.08793,0.05,timeout,0.2
892,400,3.461,0.12076,0.05,timeout,0.18
893,400,5.813,0.08692,0.05,timeout,0.18
894,400,4.036,0.10629,0.05,timeout,0.18
895,400,0.491,0.08148,0.05,timeout,0.18
896,400,2.479,0.11259,0.05,timeout,0.18
897,400,1.714,0.11167,0.05,timeout,0.18
898,400,4.167,0.09801,0.05,timeout,0.18
899,400,2.487,0.12281,0.05,timeout,0.18
900,400,3.372,0.08775,0.05,timeout,0.18
901,400,1.874,0.10557,0.05,timeout,0.18
902,400,3.283,0.11899,0.05,timeout,0.16
903,400,3.533,0.10708,0.05,timeout,0.16
904,400,4.106,0.10488,0.05,timeout,0.16
905,400,2.119,0.09951,0.05,timeout,0.16
906,400,3.46,0.11985,0.05,timeout,0.14
907,400,3.645,0.10493,0.05,timeout,0.14
908,22,10.125,0.159,0.05,win,0.16
909,400,2.952,0.09056,0.05,timeout,0.16
910,32,9.932,0.02752,0.05,win,0.18
911,400,2.389,0.16384,0.05,timeout,0.18
912,400,2.665,0.10219,0.05,timeout,0.18
913,400,3.779,0.12113,0.05,timeout,0.18
914,400,5.693,0.1069,0.05,timeout,0.18
915,400,3.088,0.11584,0.05,timeout,0.18
916,400,2.506,0.10308,0.05,timeout,0.18
917,400,4.115,0.08848,0.05,timeout,0.16
918,400,2.004,0.1034,0.05,timeout,0.16
919,400,4.888,0.07411,0.05,timeout,0.14
920,400,3.486,0.09577,0.05,timeout,0.14
921,400,3.411,0.09582,0.05,timeout,0.14
922,400,0.315,0.089,0.05,timeout,0.14
923,51,-10.767,0.08445,0.05,loss,0.12
924,400,2.188,0.12446,0.05,timeout,0.12
925,400,5.849,0.11672,0.05,timeout,0.1
926,400,-0.719,0.13526,0.05,timeout,0.1
927,400,6.322,0.10774,0.05,timeout,0.1
928,400,-0.723,0.10506,0.05,timeout,0.1
929,400,1.81,0.10495,0.05,timeout,0.08
930,16,-9.856,0.07169,0.05,loss,0.08
931,400,3.817,0.11333,0.05,timeout,0.08
932,400,4.314,0.11272,0.05,timeout,0.08
933,45,11.156,0.07512,0.05,win,0.08
934,400,3.352,0.09396,0.05,timeout,0.08
935,400,-2.404,0.10978,0.05,timeout,0.06
936,400,4.906,0.07873,0.05,timeout,0.06
937,35,-10.224,0.05455,0.05,loss,0.06
938,400,3.465,0.09627,0.05,timeout,0.06
939,35,-10.084,0.02372,0.05,loss,0.06
940,400,2.432,0.10634,0.05,timeout,0.06
941,400,2.599,0.10087,0.05,timeout,0.06
942,400,2.747,0.09692,0.05,timeout,0.06
943,400,5.262,0.09975,0.05,timeout,0.06
944,400,3.804,0.12075,0.05,timeout,0.06
945,400,2.037,0.09308,0.05,timeout,0.06
946,400,5.111,0.11502,0.05,timeout,0.06
947,400,4.836,0.08502,0.05,timeout,0.06
948,400,4.996,0.08416,0.05,timeout,0.06
949,33,-10.256,0.09588,0.05,loss,0.06
950,400,5.215,0.05866,0.05,timeout,0.06
951,400,5.317,0.10986,0.05,timeout,0.06
952,400,4.606,0.11581,0.05,timeout,0.06
953,400,4.739,0.09834,0.05,timeout,0.06
954,400,4.316,0.09889,0.05,timeout,0.06
955,400,1.494,0.12372,0.05,timeout,0.06
956,400,5.192,0.09422,0.05,timeout,0.06
957,400,6.571,0.10407,0.05,timeout,0.06
958,400,0.4,0.10214,0.05,timeout,0.04
959,400,5.519,0.0794,0.05,timeout,0.04
960,39,-10.218,0.0764,0.05,loss,0.02
961,360,3.27,0.09137,0.05,out_of_bounds,0.02
962,70,10.91,0.05791,0.05,win,0.04
963,75,11.312,0.09655,0.05,win,0.06
964,400,0.043,0.10707,0.05,timeout,0.06
965,400,5.992,0.09911,0.05,timeout,0.06
966,400,6.228,0.09943,0.05,timeout,0.06
967,400,5.23,0.09738,0.05,timeout,0.06
968,25,-9.991,0.04504,0.05,loss,0.06
969,400,3.405,0.09603,0.05,timeout,0.06
970,400,3.105,0.10452,0.05,timeout,0.06
971,400,5.728,0.09091,0.05,timeout,0.06
972,400,3.567,0.08831,0.05,timeout,0.06
973,400,4.948,0.11294,0.05,timeout,0.06
974,400,4.728,0.09965,0.05,timeout,0.06
975,400,5.117,0.09756,0.05,timeout,0.06
976,400,3.778,0.08712,0.05,timeout,0.06
977,400,6.354,0.10737,0.05,timeout,0.06
978,94,11.227,0.10871,0.05,win,0.08
979,400,5.341,0.10744,0.05,timeout,0.08
980,19,10.12,0.14783,0.05,win,0.1
981,400,6.739,0.08838,0.05,timeout,0.1
982,400,2.758,0.09805,0.05,timeout,0.1
983,400,6.663,0.09632,0.05,timeout,0.08
984,400,3.023,0.12903,0.05,timeout,0.08
985,400,3.231,0.13325,0.05,timeout,0.08
986,400,6.796,0.09402,0.05,timeout,0.08
987,400,4.996,0.1056,0.05,timeout,0.08
988,379,6.415,0.08306,0.05,out_of_bounds,0.08
989,400,6.062,0.09822,0.05,timeout,0.08
990,400,4.692,0.12276,0.05,timeout,0.08
991,400,7.707,0.08931,0.05,timeout,0.08
992,400,3.401,0.09098,0.05,timeout,0.08
993,400,7.701,0.10293,0.05,timeout,0.08
994,400,5.286,0.10509,0.05,timeout,0.08
995,400,6.191,0.10166,0.05,timeout,0.08
996,400,5.996,0.10476,0.05,timeout,0.08
997,400,5.489,0.08397,0.05,timeout,0.08
998,400,5.412,0.10055,0.05,timeout,0.08
999,400,5.976,0.10745,0.05,timeout,0.08
1000,71,9.66,0.0816,0.05,win,0.1
1001,400,6.943,0.10454,0.05,timeout,0.1
1002,400,6.13,0.0966,0.05,timeout,0.1
1003,22,-9.956,0.13055,0.05,loss,0.1
1004,400,4.288,0.10645,0.05,timeout,0.1
1005,400,7.686,0.10324,0.05,timeout,0.1
1006,400,8.046,0.08366,0.05,timeout,0.1
1007,400,6.574,0.08387,0.05,timeout,0.1
1008,258,0.367,0.10661,0.05,out_of_bounds,0.1
1009,27,-10.043,0.15778,0.05,loss,0.1
1010,29,10.082,0.14661,0.05,win,0.12
1011,400,7.227,0.1204,0.05,timeout,0.12
1012,400,4.925,0.10728,0.05,timeout,0.1
1013,400,5.593,0.12466,0.05,timeout,0.08
1014,400,7.165,0.11635,0.05,timeout,0.08
1015,400,5.474,0.11699,0.05,timeout,0.08
1016,400,5.686,0.11452,0.05,timeout,0.08
1017,400,6.08,0.09913,0.05,timeout,0.08
1018,23,10.198,0.0842,0.05,win,0.1
1019,400,8.232,0.10157,0.05,timeout,0.1
1020,400,8.199,0.08192,0.05,timeout,0.1
1021,400,6.134,0.084,0.05,timeout,0.1
1022,400,2.696,0.08172,0.05,timeout,0.1
1023,50,11.049,0.11374,0.05,win,0.12
1024,400,4.633,0.10427,0.05,timeout,0.12
1025,400,6.429,0.10811,0.05,timeout,0.12
1026,400,8.417,0.09842,0.05,timeout,0.12
1027,400,4.938,0.11156,0.05,timeout,0.12
1028,400,3.037,0.09446,0.05,timeout,0.1
1029,400,4.796,0.10322,0.05,timeout,0.1
1030,400,5.952,0.11515,0.05,timeout,0.08
1031,400,6.778,0.10565,0.05,timeout,0.08
1032,400,1.734,0.08274,0.05,timeout,0.08
1033,43,11.061,0.0644,0.05,win,0.1
1034,400,5.784,0.10637,0.05,timeout,0.1
1035,400,4.185,0.08267,0.05,timeout,0.1
1036,400,5.411,0.09493,0.05,timeout,0.1
1037,400,5.208,0.09177,0.05,timeout,0.1
1038,400,5.955,0.09454,0.05,timeout,0.1
1039,400,6.095,0.11343,0.05,timeout,0.1
1040,400,7.762,0.10337,0.05,timeout,0.1
1041,400,8.36,0.07562,0.05,timeout,0.1
1042,400,5.265,0.07886,0.05,timeout,0.1
1043,400,5.864,0.07621,0.05,timeout,0.1
1044,400,5.283,0.10759,0.05,timeout,0.1
1045,400,6.797,0.08431,0.05,timeout,0.1
1046,22,10.1,0.03721,0.05,win,0.12
1047,400,5.987,0.1,0.05,timeout,0.12
1048,21,10.143,0.11549,0.05,win,0.14
1049,400,7.201,0.09633,0.05,timeout,0.14
1050,400,7.167,0.09877,0.05,timeout,0.12
1051,25,10.107,0.07883,0.05,win,0.14
1052,22,10.094,0.15337,0.05,win,0.16
1053,235,0.439,0.11009,0.05,out_of_bounds,0.16
1054,25,10.16,0.10829,0.05,win,0.18
1055,400,6.698,0.09617,0.05,timeout,0.18
1056,400,5.611,0.11614,0.05,timeout,0.18
1057,400,6.579,0.10751,0.05,timeout,0.18
1058,400,5.123,0.11131,0.05,timeout,0.18
1059,22,10.296,0.04476,0.05,win,0.2
1060,400,6.311,0.12446,0.05,timeout,0.18
1061,30,10.157,0.07157,0.05,win,0.2
1062,19,10.17,0.06606,0.05,win,0.22
1063,24,10.288,0.13698,0.05,win,0.24
1064,400,6.372,0.11264,0.05,timeout,0.24
1065,29,10.325,0.08009,0.05,win,0.26
1066,400,6.721,0.11709,0.05,timeout,0.26
1067,400,8.235,0.1011,0.05,timeout,0.26
1068,24,10.189,0.13725,0.05,win,0.26
1069,400,5.953,0.11113,0.05,timeout,0.26
1070,400,5.066,0.10187,0.05,timeout,0.26
1071,400,6.392,0.12443,0.05,timeout,0.26
1072,400,6.726,0.11227,0.05,timeout,0.26
1073,400,5.747,0.09293,0.05,timeout,0.24
1074,400,8.454,0.10258,0.05,timeout,0.24
1075,400,4.397,0.11956,0.05,timeout,0.24
1076,400,8.738,0.08955,0.05,timeout,0.24
1077,400,6.928,0.11808,0.05,timeout,0.24
1078,400,7.988,0.09929,0.05,timeout,0.24
1079,400,9.025,0.09838,0.05,timeout,0.24
1080,400,7.455,0.08249,0.05,timeout,0.24
1081,16,10.132,0.06508,0.05,win,0.26
1082,29,10.099,0.12756,0.05,win,0.28
1083,400,7.394,0.10513,0.05,timeout,0.26
1084,400,7.055,0.13176,0.05,timeout,0.26
1085,400,4.005,0.09927,0.05,timeout,0.26
1086,400,5.575,0.10734,0.05,timeout,0.26
1087,400,8.107,0.10049,0.05,timeout,0.26
1088,400,6.355,0.10397,0.05,timeout,0.26
1089,400,5.883,0.10943,0.05,timeout,0.26
1090,400,6.648,0.11294,0.05,timeout,0.26
1091,400,7.792,0.08527,0.05,timeout,0.26
1092,400,5.558,0.10825,0.05,timeout,0.26
1093,400,5.587,0.11469,0.05,timeout,0.26
1094,400,5.883,0.11037,0.05,timeout,0.26
1095,400,6.382,0.0914,0.05,timeout,0.26
1096,400,6.357,0.08416,0.05,timeout,0.24
1097,400,8.271,0.12175,0.05,timeout,0.24
1098,400,7.648,0.09776,0.05,timeout,0.22
1099,400,5.429,0.10066,0.05,timeout,0.22
1100,400,4.032,0.09537,0.05,timeout,0.22
1101,400,5.363,0.09052,0.05,timeout,0.2
1102,400,4.159,0.10915,0.05,timeout,0.18
1103,400,3.742,0.11127,0.05,timeout,0.18
1104,400,5.59,0.09889,0.05,timeout,0.16
1105,400,10.831,0.10496,0.05,timeout,0.16
1106,400,6.907,0.11017,0.05,timeout,0.16
1107,400,5.033,0.13082,0.05,timeout,0.16
1108,400,5.613,0.10138,0.05,timeout,0.16
1109,400,7.142,0.12042,0.05,timeout,0.14
1110,400,7.59,0.1018,0.05,timeout,0.14
1111,400,5.902,0.11389,0.05,timeout,0.12
1112,400,2.935,0.10697,0.05,timeout,0.1
1113,400,8.478,0.11145,0.05,timeout,0.08
1114,400,5.395,0.08563,0.05,timeout,0.08
1115,400,4.459,0.10139,0.05,timeout,0.06
1116,15,10.258,0.08888,0.05,win,0.08
1117,400,4.1,0.09243,0.05,timeout,0.08
1118,22,10.244,0.02501,0.05,win,0.08
1119,400,7.638,0.09614,0.05,timeout,0.08
1120,20,10.168,0.23345,0.05,win,0.1
1121,400,5.631,0.09754,0.05,timeout,0.1
1122,400,6.28,0.1179,0.05,timeout,0.1
1123,400,8.549,0.09611,0.05,timeout,0.1
1124,400,8.462,0.09834,0.05,timeout,0.1
1125,400,7.428,0.09867,0.05,timeout,0.1
1126,400,7.479,0.11331,0.05,timeout,0.1
1127,400,6.779,0.09753,0.05,timeout,0.1
1128,400,7.206,0.09496,0.05,timeout,0.1
1129,400,7.853,0.09038,0.05,timeout,0.1
1130,400,7.349,0.10009,0.05,timeout,0.1
1131,400,6.62,0.09329,0.05,timeout,0.08
1132,400,8.889,0.10408,0.05,timeout,0.06
1133,400,10.096,0.13253,0.05,timeout,0.06
1134,400,7.476,0.10685,0.05,timeout,0.06
1135,400,9.753,0.10543,0.05,timeout,0.06
1136,400,6.987,0.10475,0.05,timeout,0.06
1137,400,7.645,0.08946,0.05,timeout,0.06
1138,400,9.454,0.08666,0.05,timeout,0.06
1139,400,9.94,0.08915,0.05,timeout,0.06
1140,396,5.122,0.13118,0.05,out_of_bounds,0.06
1141,400,8.248,0.11494,0.05,timeout,0.06
1142,400,6.734,0.12268,0.05,timeout,0.06
1143,400,7.916,0.09415,0.05,timeout,0.06
1144,400,9.086,0.08862,0.05,timeout,0.06
1145,400,7.078,0.1166,0.05,timeout,0.06
1146,400,7.983,0.11154,0.05,timeout,0.06
1147,400,8.458,0.08653,0.05,timeout,0.06
1148,400,7.415,0.10726,0.05,timeout,0.06
1149,400,11.546,0.11199,0.05,timeout,0.06
1150,400,8.327,0.10936,0.05,timeout,0.06
1151,400,8.803,0.09193,0.05,timeout,0.06
1152,331,4.417,0.10582,0.05,out_of_bounds,0.06
1153,400,2.998,0.09051,0.05,timeout,0.06
1154,400,9.277,0.10429,0.05,timeout,0.06
1155,400,6.025,0.12216,0.05,timeout,0.06
1156,400,10.207,0.10277,0.05,timeout,0.06
1157,400,12.141,0.09317,0.05,timeout,0.06
1158,400,10.255,0.0791,0.05,timeout,0.06
1159,400,9.945,0.10645,0.05,timeout,0.06
1160,400,12.676,0.07627,0.05,timeout,0.06
1161,400,8.657,0.10148,0.05,timeout,0.06
1162,400,9.669,0.09287,0.05,timeout,0.06
1163,400,7.108,0.11049,0.05,timeout,0.06
1164,400,7.896,0.09745,0.05,timeout,0.06
1165,400,11.531,0.09745,0.05,timeout,0.06
1166,400,9.535,0.09023,0.05,timeout,0.04
1167,400,7.147,0.113,0.05,timeout,0.04
1168,400,12.719,0.09329,0.05,timeout,0.02
1169,400,4.503,0.08395,0.05,timeout,0.02
1170,400,13.718,0.09746,0.05,timeout,0.0
1171,400,8.037,0.08593,0.05,timeout,0.0
1172,400,11.177,0.09619,0.05,timeout,0.0
1173,400,9.1,0.11526,0.05,timeout,0.0
1174,400,6.743,0.07756,0.05,timeout,0.0
1175,400,7.112,0.0995,0.05,timeout,0.0
1176,400,10.943,0.07674,0.05,timeout,0.0
1177,400,11.066,0.08685,0.05,timeout,0.0
1178,400,6.993,0.09627,0.05,timeout,0.0
1179,47,-10.602,0.10793,0.05,loss,0.0
1180,400,10.515,0.09283,0.05,timeout,0.0
1181,400,6.824,0.09413,0.05,timeout,0.0
1182,400,7.493,0.11055,0.05,timeout,0.0
1183,400,9.727,0.07796,0.05,timeout,0.0
1184,400,10.461,0.09232,0.05,timeout,0.0
1185,60,9.725,0.05944,0.05,win,0.02
1186,400,8.19,0.1106,0.05,timeout,0.02
1187,400,12.1,0.09364,0.05,timeout,0.02
1188,400,12.968,0.09767,0.05,timeout,0.02
1189,400,11.344,0.09745,0.05,timeout,0.02
1190,400,3.567,0.08988,0.05,timeout,0.02
1191,400,9.734,0.10807,0.05,timeout,0.02
1192,400,8.751,0.08631,0.05,timeout,0.02
1193,400,8.877,0.08814,0.05,timeout,0.02
1194,400,11.223,0.10055,0.05,timeout,0.02
1195,400,11.727,0.10741,0.05,timeout,0.02
1196,400,10.057,0.11735,0.05,timeout,0.02
1197,15,10.191,0.14227,0.05,win,0.04
1198,81,12.679,0.07695,0.05,win,0.06
1199,400,8.877,0.11015,0.05,timeout,0.06
1200,400,8.386,0.0982,0.05,timeout,0.06
1201,400,6.384,0.08281,0.05,timeout,0.06
1202,400,8.766,0.1048,0.05,timeout,0.06
1203,400,14.104,0.07253,0.05,timeout,0.06
1204,25,10.141,0.17395,0.05,win,0.08
1205,400,7.615,0.09664,0.05,timeout,0.08
1206,400,16.062,0.09492,0.05,timeout,0.08
1207,164,16.027,0.07824,0.05,win,0.1
1208,64,11.326,0.12145,0.05,win,0.12
1209,49,10.168,0.08208,0.05,win,0.14
1210,400,12.129,0.09002,0.05,timeout,0.14
1211,400,7.063,0.09916,0.05,timeout,0.14
1212,23,10.211,0.11019,0.05,win,0.16
1213,17,10.326,0.0684,0.05,win,0.18
1214,400,7.092,0.11916,0.05,timeout,0.18
1215,400,8.91,0.09429,0.05,timeout,0.18
1216,400,8.394,0.12335,0.05,timeout,0.18
1217,400,10.956,0.08872,0.05,timeout,0.18
1218,400,6.968,0.1139,0.05,timeout,0.18
1219,400,10.133,0.0908,0.05,timeout,0.18
1220,400,7.455,0.11077,0.05,timeout,0.18
1221,17,10.085,0.17922,0.05,win,0.2
1222,18,10.169,0.11012,0.05,win,0.22
1223,400,9.629,0.10847,0.05,timeout,0.22
1224,27,10.35,0.11163,0.05,win,0.24
1225,120,10.276,0.07849,0.05,win,0.26
1226,400,15.503,0.0897,0.05,timeout,0.26
1227,52,11.42,0.10468,0.05,win,0.28
1228,400,13.184,0.11877,0.05,timeout,0.28
1229,400,7.051,0.10558,0.05,timeout,0.28
1230,72,11.628,0.05544,0.05,win,0.3
1231,18,10.184,0.01694,0.05,win,0.32
1232,21,10.114,0.0609,0.05,win,0.34
1233,73,12.153,0.06137,0.05,win,0.36
1234,400,12.587,0.10192,0.05,timeout,0.36
1235,82,12.966,0.07421,0.05,win,0.36
1236,400,8.677,0.11739,0.05,timeout,0.36
1237,400,9.902,0.09815,0.05,timeout,0.36
1238,400,10.384,0.10247,0.05,timeout,0.36
1239,400,5.633,0.1374,0.05,timeout,0.36
1240,16,10.213,0.33519,0.05,win,0.38
1241,400,8.916,0.14683,0.05,timeout,0.38
1242,400,10.406,0.07727,0.05,timeout,0.38
1243,400,7.719,0.10754,0.05,timeout,0.38
1244,33,10.027,0.08923,0.05,win,0.4
1245,19,10.184,0.04816,0.05,win,0.42
1246,400,4.367,0.09962,0.05,timeout,0.42
1247,400,4.759,0.1092,0.05,timeout,0.4
1248,400,6.257,0.14737,0.05,timeout,0.38
1249,79,11.962,0.11685,0.05,win,0.4
1250,73,11.01,0.1073,0.05,win,0.42
1251,16,10.103,0.22985,0.05,win,0.44
1252,387,6.052,0.12015,0.05,out_of_bounds,0.44
1253,25,10.256,0.22725,0.05,win,0.46
1254,51,11.536,0.03525,0.05,win,0.46
1255,400,8.257,0.11366,0.05,timeout,0.46
1256,400,5.978,0.12345,0.05,timeout,0.46
1257,26,10.327,0.09257,0.05,win,0.46
1258,400,9.556,0.1434,0.05,timeout,0.44
1259,400,8.742,0.10342,0.05,timeout,0.42
1260,400,9.151,0.11551,0.05,timeout,0.42
1261,19,10.237,0.14959,0.05,win,0.44
1262,400,9.572,0.13288,0.05,timeout,0.42
1263,400,12.521,0.12283,0.05,timeout,0.4
1264,400,6.417,0.10904,0.05,timeout,0.4
1265,400,3.538,0.11731,0.05,timeout,0.4
1266,21,10.252,0.19086,0.05,win,0.42
1267,400,9.282,0.1192,0.05,timeout,0.42
1268,24,10.335,0.18442,0.05,win,0.44
1269,69,11.257,0.16866,0.05,win,0.46
1270,400,8.079,0.12883,0.05,timeout,0.46
1271,400,8.213,0.11197,0.05,timeout,0.44
1272,400,5.977,0.12663,0.05,timeout,0.42
1273,400,7.451,0.12164,0.05,timeout,0.42
1274,82,12.099,0.12555,0.05,win,0.42
1275,400,9.253,0.11499,0.05,timeout,0.4
1276,400,10.527,0.09795,0.05,timeout,0.4
1277,400,8.148,0.11509,0.05,timeout,0.38
1278,400,8.67,0.11744,0.05,timeout,0.38
1279,400,8.302,0.12997,0.05,timeout,0.38
1280,59,11.218,0.08874,0.05,win,0.38
1281,31,10.427,0.10267,0.05,win,0.38
1282,400,6.176,0.10082,0.05,timeout,0.36
1283,400,6.442,0.12223,0.05,timeout,0.34
1284,29,10.186,0.0831,0.05,win,0.36
1285,400,8.297,0.12897,0.05,timeout,0.34
1286,400,9.875,0.12826,0.05,timeout,0.34
1287,21,10.203,0.07736,0.05,win,0.36
1288,39,10.048,0.06215,0.05,win,0.38
1289,400,9.54,0.14949,0.05,timeout,0.38
1290,400,7.904,0.13078,0.05,timeout,0.36
1291,400,5.891,0.14983,0.05,timeout,0.36
1292,400,6.76,0.12817,0.05,timeout,0.36
1293,400,5.852,0.13036,0.05,timeout,0.36
1294,400,8.158,0.12409,0.05,timeout,0.34
1295,33,10.145,0.10094,0.05,win,0.34
1296,400,5.788,0.14097,0.05,timeout,0.34
1297,400,7.942,0.11645,0.05,timeout,0.34
1298,400,5.929,0.12596,0.05,timeout,0.34
1299,400,6.271,0.12065,0.05,timeout,0.32
1300,400,11.862,0.09465,0.05,timeout,0.3
1301,400,5.283,0.1326,0.05,timeout,0.28
1302,400,5.758,0.14552,0.05,timeout,0.28
1303,400,6.623,0.12172,0.05,timeout,0.26
1304,120,-3.117,0.08612,0.05,out_of_bounds,0.24
1305,400,8.643,0.1176,0.05,timeout,0.24
1306,59,11.392,0.10313,0.05,win,0.26
1307,400,6.126,0.11518,0.05,timeout,0.24
1308,400,8.735,0.1304,0.05,timeout,0.24
1309,400,8.389,0.13457,0.05,timeout,0.24
1310,400,6.943,0.12087,0.05,timeout,0.24
1311,400,9.705,0.13368,0.05,timeout,0.22
1312,400,10.463,0.12265,0.05,timeout,0.22
1313,400,11.934,0.12205,0.05,timeout,0.22
1314,20,10.23,0.17274,0.05,win,0.24
1315,400,6.071,0.12403,0.05,timeout,0.24
1316,19,10.272,0.11943,0.05,win,0.24
1317,400,5.665,0.13597,0.05,timeout,0.24
1318,15,10.203,0.07712,0.05,win,0.24
1319,27,10.175,0.12694,0.05,win,0.24
1320,400,8.522,0.11353,0.05,timeout,0.24
1321,29,10.344,0.21516,0.05,win,0.26
1322,400,10.677,0.13249,0.05,timeout,0.26
1323,400,7.151,0.11439,0.05,timeout,0.26
1324,400,5.371,0.10587,0.05,timeout,0.24
1325,13,10.191,0.23072,0.05,win,0.26
1326,400,5.852,0.11982,0.05,timeout,0.26
1327,400,7.689,0.14832,0.05,timeout,0.26
1328,400,6.37,0.13949,0.05,timeout,0.26
1329,102,15.107,0.14701,0.05,win,0.28
1330,400,10.121,0.14621,0.05,timeout,0.26
1331,50,11.03,0.13593,0.05,win,0.26
1332,47,11.84,0.14073,0.05,win,0.28
1333,400,10.205,0.13541,0.05,timeout,0.28
1334,400,7.55,0.13211,0.05,timeout,0.26
1335,400,10.641,0.11086,0.05,timeout,0.26
1336,400,8.298,0.12151,0.05,timeout,0.26
1337,400,8.51,0.14127,0.05,timeout,0.24
1338,25,10.661,0.17501,0.05,win,0.24
1339,400,11.043,0.13684,0.05,timeout,0.24
1340,400,5.538,0.1358,0.05,timeout,0.24
1341,55,9.877,0.17415,0.05,win,0.26
1342,21,10.397,0.17106,0.05,win,0.28
1343,27,10.461,0.17621,0.05,win,0.3
1344,400,7.22,0.12847,0.05,timeout,0.3
1345,400,10.199,0.13665,0.05,timeout,0.28
1346,25,10.363,0.11766,0.05,win,0.3
1347,16,10.238,0.16125,0.05,win,0.32
1348,400,7.267,0.13461,0.05,timeout,0.32
1349,400,5.774,0.13787,0.05,timeout,0.32
1350,387,6.895,0.1443,0.05,out_of_bounds,0.32
1351,400,10.773,0.1241,0.05,timeout,0.32
1352,19,10.262,0.06368,0.05,win,0.34
1353,61,12.34,0.10485,0.05,win,0.36
1354,400,6.334,0.15079,0.05,timeout,0.36
1355,400,7.295,0.13615,0.05,timeout,0.36
1356,400,6.602,0.13491,0.05,timeout,0.34
1357,21,10.241,0.04063,0.05,win,0.36
1358,33,10.585,0.16007,0.05,win,0.38
1359,195,1.215,0.12684,0.05,out_of_bounds,0.38
1360,349,5.412,0.12505,0.05,out_of_bounds,0.38
1361,400,10.545,0.13152,0.05,timeout,0.38
1362,348,1.702,0.1308,0.05,out_of_bounds,0.38
1363,400,7.566,0.1164,0.05,timeout,0.38
1364,400,11.949,0.12458,0.05,timeout,0.36
1365,21,10.334,0.12955,0.05,win,0.38
1366,51,12.15,0.12428,0.05,win,0.38
1367,33,10.568,0.11964,0.05,win,0.4
1368,400,6.87,0.14535,0.05,timeout,0.38
1369,400,6.684,0.12765,0.05,timeout,0.36
1370,400,5.732,0.12547,0.05,timeout,0.36
1371,400,8.539,0.14355,0.05,timeout,0.34
1372,54,11.582,0.11136,0.05,win,0.36
1373,400,8.049,0.12562,0.05,timeout,0.36
1374,400,7.623,0.12436,0.05,timeout,0.36
1375,400,9.098,0.15774,0.05,timeout,0.34
1376,400,9.408,0.13246,0.05,timeout,0.34
1377,400,12.27,0.15033,0.05,timeout,0.34
1378,40,10.451,0.08646,0.05,win,0.36
1379,400,9.352,0.15422,0.05,timeout,0.34
1380,400,10.387,0.13532,0.05,timeout,0.34
1381,19,10.226,0.08716,0.05,win,0.34
1382,400,9.442,0.15052,0.05,timeout,0.32
1383,31,10.107,0.09796,0.05,win,0.34
1384,400,5.089,0.14114,0.05,timeout,0.34
1385,32,10.389,0.17988,0.05,win,0.36
1386,400,10.791,0.12566,0.05,timeout,0.36
1387,14,10.2,0.12961,0.05,win,0.38
1388,400,7.947,0.15694,0.05,timeout,0.36
1389,47,11.172,0.07848,0.05,win,0.38
1390,400,16.793,0.12907,0.05,timeout,0.38
1391,58,12.119,0.1495,0.05,win,0.38
1392,16,-9.793,0.12493,0.05,loss,0.36
1393,53,11.631,0.12318,0.05,win,0.36
1394,400,8.543,0.13611,0.05,timeout,0.36
1395,400,8.321,0.13303,0.05,timeout,0.36
1396,400,4.653,0.14596,0.05,timeout,0.34
1397,46,11.942,0.08234,0.05,win,0.34
1398,400,9.952,0.15699,0.05,timeout,0.34
1399,400,7.062,0.1585,0.05,timeout,0.34
1400,400,9.632,0.14521,0.05,timeout,0.34
1401,400,7.577,0.13363,0.05,timeout,0.34
1402,400,10.567,0.13729,0.05,timeout,0.32
1403,400,12.505,0.15812,0.05,timeout,0.3
1404,400,3.216,0.1479,0.05,timeout,0.3
1405,400,6.549,0.12528,0.05,timeout,0.3
1406,400,8.136,0.14535,0.05,timeout,0.3
1407,400,10.486,0.14565,0.05,timeout,0.28
1408,20,10.285,0.06239,0.05,win,0.28
1409,400,9.415,0.15385,0.05,timeout,0.28
1410,400,12.376,0.13621,0.05,timeout,0.28
1411,37,10.905,0.09384,0.05,win,0.3
1412,400,7.531,0.13055,0.05,timeout,0.3
1413,400,9.093,0.12075,0.05,timeout,0.3
1414,33,10.69,0.14522,0.05,win,0.32
1415,23,10.049,0.04022,0.05,win,0.32
1416,23,10.037,0.23835,0.05,win,0.32
1417,400,7.713,0.17252,0.05,timeout,0.3
1418,400,6.744,0.13777,0.05,timeout,0.3
1419,400,10.432,0.14063,0.05,timeout,0.3
1420,400,12.823,0.13375,0.05,timeout,0.3
1421,400,11.247,0.14649,0.05,timeout,0.3
1422,400,14.965,0.11999,0.05,timeout,0.28
1423,55,11.701,0.1427,0.05,win,0.3
1424,22,10.286,0.18086,0.05,win,0.32
1425,30,-10.051,0.21769,0.05,loss,0.32
1426,400,16.222,0.12312,0.05,timeout,0.32
1427,24,9.967,0.09694,0.05,win,0.34
1428,400,11.663,0.14288,0.05,timeout,0.32
1429,17,10.402,0.13452,0.05,win,0.34
1430,40,10.864,0.18218,0.05,win,0.36
1431,400,12.973,0.13334,0.05,timeout,0.34
1432,26,10.783,0.2184,0.05,win,0.36
1433,400,9.038,0.15359,0.05,timeout,0.34
1434,37,10.687,0.06601,0.05,win,0.36
1435,24,10.568,0.11578,0.05,win,0.36
1436,400,10.572,0.13334,0.05,timeout,0.36
1437,28,10.221,0.10975,0.05,win,0.36
1438,400,10.929,0.1253,0.05,timeout,0.36
1439,400,10.412,0.16008,0.05,timeout,0.34
1440,15,10.261,0.12563,0.05,win,0.36
1441,400,6.11,0.14339,0.05,timeout,0.34
1442,400,9.243,0.16552,0.05,timeout,0.34
1443,35,10.742,0.14812,0.05,win,0.34
1444,16,10.219,0.2479,0.05,win,0.36
1445,24,10.197,0.17109,0.05,win,0.38
1446,64,10.472,0.13038,0.05,win,0.4
1447,20,10.084,0.07255,0.05,win,0.4
1448,400,11.575,0.13198,0.05,timeout,0.4
1449,400,7.524,0.15111,0.05,timeout,0.4
1450,19,10.299,0.14211,0.05,win,0.42
1451,13,10.258,0.1721,0.05,win,0.44
1452,26,-9.842,0.21893,0.05,loss,0.44
1453,400,10.368,0.16481,0.05,timeout,0.44
1454,26,10.418,0.15444,0.05,win,0.46
1455,45,11.081,0.22697,0.05,win,0.48
1456,23,10.367,0.18951,0.05,win,0.5
1457,400,11.584,0.14332,0.05,timeout,0.5
1458,18,10.326,0.13155,0.05,win,0.5
1459,31,10.968,0.0856,0.05,win,0.52
1460,400,9.996,0.15038,0.05,timeout,0.52
1461,17,10.199,0.02532,0.05,win,0.52
1462,26,10.379,0.21888,0.05,win,0.54
1463,15,10.212,0.10753,0.05,win,0.56
1464,26,10.249,0.168,0.05,win,0.56
1465,29,10.099,0.15181,0.05,win,0.56
1466,32,10.186,0.17421,0.05,win,0.56
1467,60,11.624,0.19067,0.05,win,0.58
1468,20,10.149,0.08607,0.05,win,0.6
1469,24,10.175,0.12239,0.05,win,0.62
1470,400,11.864,0.14273,0.05,timeout,0.62
1471,28,10.202,0.18925,0.05,win,0.64
1472,22,10.308,0.1029,0.05,win,0.66
1473,400,13.687,0.14724,0.05,timeout,0.64
1474,20,10.341,0.16733,0.05,win,0.64
1475,21,10.418,0.16401,0.05,win,0.66
1476,31,10.421,0.23859,0.05,win,0.68
1477,22,10.308,0.12453,0.05,win,0.68
1478,400,9.751,0.15695,0.05,timeout,0.68
1479,400,5.426,0.17668,0.05,timeout,0.66
1480,400,8.903,0.17295,0.05,timeout,0.64
1481,22,10.028,0.1517,0.05,win,0.66
1482,400,13.47,0.16547,0.05,timeout,0.64
1483,19,10.052,0.18573,0.05,win,0.66
1484,17,10.288,0.23279,0.05,win,0.66
1485,28,-9.877,0.15414,0.05,loss,0.64
1486,28,10.903,0.13175,0.05,win,0.66
1487,19,10.317,0.13598,0.05,win,0.66
1488,400,13.49,0.15668,0.05,timeout,0.66
1489,45,11.098,0.23754,0.05,win,0.68
1490,17,10.233,0.10652,0.05,win,0.68
1491,41,11.101,0.35137,0.05,win,0.7
1492,400,6.951,0.18258,0.05,timeout,0.7
1493,21,10.07,0.15699,0.05,win,0.7
1494,400,12.54,0.1724,0.05,timeout,0.68
1495,400,11.078,0.1933,0.05,timeout,0.66
1496,21,10.122,0.20784,0.05,win,0.66
1497,400,14.387,0.15982,0.05,timeout,0.64
1498,400,12.131,0.16196,0.05,timeout,0.64
1499,400,14.515,0.15656,0.05,timeout,0.64
1500,24,10.132,0.15453,0.05,win,0.64
